trial,model,dataset,status,test_auc,test_ap,test_f1,epochs,time,best_auc,best_auc_trial,best_ap,best_ap_trial,best_f1,best_f1_trial
1,GAT,REDDIT,completed,0.627,0.044,0.07,31,4.718,0.703,5,0.07,18,0.108,10
2,GAT,REDDIT,completed,0.656,0.053,0.084,100,14.508,0.703,5,0.07,18,0.108,10
3,GAT,REDDIT,completed,0.685,0.052,0.086,77,11.059,0.703,5,0.07,18,0.108,10
4,GAT,REDDIT,completed,0.66,0.053,0.074,100,14.436,0.703,5,0.07,18,0.108,10
5,GAT,REDDIT,completed,0.703,0.06,0.076,78,11.263,0.703,5,0.07,18,0.108,10
6,GAT,REDDIT,completed,0.67,0.058,0.071,79,11.354,0.703,5,0.07,18,0.108,10
7,GAT,REDDIT,completed,0.688,0.059,0.061,47,6.737,0.703,5,0.07,18,0.108,10
8,GAT,REDDIT,completed,0.633,0.059,0.092,89,12.86,0.703,5,0.07,18,0.108,10
9,GAT,REDDIT,completed,0.629,0.048,0.083,87,12.535,0.703,5,0.07,18,0.108,10
10,GAT,REDDIT,completed,0.677,0.059,0.108,100,14.448,0.703,5,0.07,18,0.108,10
11,GAT,REDDIT,completed,0.651,0.054,0.072,41,5.883,0.703,5,0.07,18,0.108,10
12,GAT,REDDIT,completed,0.67,0.044,0.0,32,4.668,0.703,5,0.07,18,0.108,10
13,GAT,REDDIT,completed,0.664,0.056,0.106,86,12.351,0.703,5,0.07,18,0.108,10
14,GAT,REDDIT,completed,0.651,0.053,0.072,76,10.939,0.703,5,0.07,18,0.108,10
15,GAT,REDDIT,completed,0.674,0.068,0.038,100,14.441,0.703,5,0.07,18,0.108,10
16,GAT,REDDIT,completed,0.646,0.048,0.026,100,14.333,0.703,5,0.07,18,0.108,10
17,GAT,REDDIT,completed,0.691,0.057,0.0,37,5.419,0.703,5,0.07,18,0.108,10
18,GAT,REDDIT,completed,0.694,0.07,0.0,94,13.581,0.703,5,0.07,18,0.108,10
19,GAT,REDDIT,completed,0.666,0.063,0.064,100,14.488,0.703,5,0.07,18,0.108,10
20,GAT,REDDIT,completed,0.668,0.062,0.0,30,4.311,0.703,5,0.07,18,0.108,10
